Workbook

Sheet raw_sales
A1: Client_ID | B1: Client | C1: Center | D1: Date | E1: Product Name | F1: Units | G1: Price | H1: Region_id | I1: Region | J1: product_id | K1: Product | L1: Line | M1: Line_id | N1: Value | O1: month_name | P1: month_id | Q1: day_number
A2: 301333 | B2: مخزن الاتحاد | C2: ملوي | D2: 45971 | E2: مارفى لاز 90ملم | F2: -15 | G2: 50 | H2: =VLOOKUP(C2,regions!$A$1:$C$5,2,0) -> 5 | I2: =VLOOKUP(C2,regions!$A$1:$C$5,3,0) -> Menia (South) | J2: =VLOOKUP(E2,products!$A$1:$E$5,2,0) -> G10 | K2: =VLOOKUP(E2,products!$A$1:$E$5,3,0) -> Marvy Lase | L2: =VLOOKUP(E2,products!$A$1:$E$5,4,0) -> Blue Line | M2: =VLOOKUP(E2,products!$A$1:$E$5,5,0) -> Bl | N2: =F2*G2 -> -750 | O2: =TEXT(D2,"mmm") -> نوفمبر | P2: =MONTH(D2) -> 11 | Q2: =DAY(D2) -> 10
A3: 300795 | B3: مخزن امجاد بني سويف | C3: بني سويف | D3: 45955 | E3: مارفى لاز 90ملم | F3: 25 | G3: 50 | H3: =VLOOKUP(C3,regions!$A$1:$C$5,2,0) -> 2 | I3: =VLOOKUP(C3,regions!$A$1:$C$5,3,0) -> Beni Sweif | J3: =VLOOKUP(E3,products!$A$1:$E$5,2,0) -> G10 | K3: =VLOOKUP(E3,products!$A$1:$E$5,3,0) -> Marvy Lase | L3: =VLOOKUP(E3,products!$A$1:$E$5,4,0) -> Blue Line | M3: =VLOOKUP(E3,products!$A$1:$E$5,5,0) -> Bl | N3: =F3*G3 -> 1250 | O3: =TEXT(D3,"mmm") -> أكتوبر | P3: =MONTH(D3) -> 10 | Q3: =DAY(D3) -> 25
A4: 301333 | B4: مخزن الاتحاد | C4: ملوي | D4: 45973 | E4: مارفى لاز 90ملم | F4: 0 | G4: 50 | H4: =VLOOKUP(C4,regions!$A$1:$C$5,2,0) -> 5 | I4: =VLOOKUP(C4,regions!$A$1:$C$5,3,0) -> Menia (South) | J4: =VLOOKUP(E4,products!$A$1:$E$5,2,0) -> G10 | K4: =VLOOKUP(E4,products!$A$1:$E$5,3,0) -> Marvy Lase | L4: =VLOOKUP(E4,products!$A$1:$E$5,4,0) -> Blue Line | M4: =VLOOKUP(E4,products!$A$1:$E$5,5,0) -> Bl | N4: =F4*G4 -> 0 | O4: =TEXT(D4,"mmm") -> نوفمبر | P4: =MONTH(D4) -> 11 | Q4: =DAY(D4) -> 12
A5: 300795 | B5: مخزن امجاد بني سويف | C5: بني سويف | D5: 45943 | E5: مارفى لاز 90ملم | F5: 0 | G5: 50 | H5: =VLOOKUP(C5,regions!$A$1:$C$5,2,0) -> 2 | I5: =VLOOKUP(C5,regions!$A$1:$C$5,3,0) -> Beni Sweif | J5: =VLOOKUP(E5,products!$A$1:$E$5,2,0) -> G10 | K5: =VLOOKUP(E5,products!$A$1:$E$5,3,0) -> Marvy Lase | L5: =VLOOKUP(E5,products!$A$1:$E$5,4,0) -> Blue Line | M5: =VLOOKUP(E5,products!$A$1:$E$5,5,0) -> Bl | N5: =F5*G5 -> 0 | O5: =TEXT(D5,"mmm") -> أكتوبر | P5: =MONTH(D5) -> 10 | Q5: =DAY(D5) -> 13
A6: 101356 | B6: مخزن تراست/ تسلا | C6: ملوي | D6: 45966 | E6: مارفى لاز 90ملم | F6: -15 | G6: 50 | H6: =VLOOKUP(C6,regions!$A$1:$C$5,2,0) -> 5 | I6: =VLOOKUP(C6,regions!$A$1:$C$5,3,0) -> Menia (South) | J6: =VLOOKUP(E6,products!$A$1:$E$5,2,0) -> G10 | K6: =VLOOKUP(E6,products!$A$1:$E$5,3,0) -> Marvy Lase | L6: =VLOOKUP(E6,products!$A$1:$E$5,4,0) -> Blue Line | M6: =VLOOKUP(E6,products!$A$1:$E$5,5,0) -> Bl | N6: =F6*G6 -> -750 | O6: =TEXT(D6,"mmm") -> نوفمبر | P6: =MONTH(D6) -> 11 | Q6: =DAY(D6) -> 5
A7: 300795 | B7: مخزن امجاد بني سويف | C7: بني سويف | D7: 45944 | E7: مارفى لاز 90ملم | F7: 25 | G7: 50 | H7: =VLOOKUP(C7,regions!$A$1:$C$5,2,0) -> 2 | I7: =VLOOKUP(C7,regions!$A$1:$C$5,3,0) -> Beni Sweif | J7: =VLOOKUP(E7,products!$A$1:$E$5,2,0) -> G10 | K7: =VLOOKUP(E7,products!$A$1:$E$5,3,0) -> Marvy Lase | L7: =VLOOKUP(E7,products!$A$1:$E$5,4,0) -> Blue Line | M7: =VLOOKUP(E7,products!$A$1:$E$5,5,0) -> Bl | N7: =F7*G7 -> 1250 | O7: =TEXT(D7,"mmm") -> أكتوبر | P7: =MONTH(D7) -> 10 | Q7: =DAY(D7) -> 14
A8: 301333 | B8: مخزن الاتحاد | C8: ملوي | D8: 45971 | E8: مارفى لاز 90ملم | F8: 0 | G8: 50 | H8: =VLOOKUP(C8,regions!$A$1:$C$5,2,0) -> 5 | I8: =VLOOKUP(C8,regions!$A$1:$C$5,3,0) -> Menia (South) | J8: =VLOOKUP(E8,products!$A$1:$E$5,2,0) -> G10 | K8: =VLOOKUP(E8,products!$A$1:$E$5,3,0) -> Marvy Lase | L8: =VLOOKUP(E8,products!$A$1:$E$5,4,0) -> Blue Line | M8: =VLOOKUP(E8,products!$A$1:$E$5,5,0) -> Bl | N8: =F8*G8 -> 0 | O8: =TEXT(D8,"mmm") -> نوفمبر | P8: =MONTH(D8) -> 11 | Q8: =DAY(D8) -> 10
A9: 300795 | B9: مخزن امجاد بني سويف | C9: بني سويف | D9: 45953 | E9: مارفى لاز 90ملم | F9: 34 | G9: 50 | H9: =VLOOKUP(C9,regions!$A$1:$C$5,2,0) -> 2 | I9: =VLOOKUP(C9,regions!$A$1:$C$5,3,0) -> Beni Sweif | J9: =VLOOKUP(E9,products!$A$1:$E$5,2,0) -> G10 | K9: =VLOOKUP(E9,products!$A$1:$E$5,3,0) -> Marvy Lase | L9: =VLOOKUP(E9,products!$A$1:$E$5,4,0) -> Blue Line | M9: =VLOOKUP(E9,products!$A$1:$E$5,5,0) -> Bl | N9: =F9*G9 -> 1700 | O9: =TEXT(D9,"mmm") -> أكتوبر | P9: =MONTH(D9) -> 10 | Q9: =DAY(D9) -> 23
A10: 301111 | B10: صيدلية النور | C10: الفيوم | D10: 45966 | E10: اولي فيت 65 | F10: -30 | G10: 65 | H10: =VLOOKUP(C10,regions!$A$1:$C$5,2,0) -> 1 | I10: =VLOOKUP(C10,regions!$A$1:$C$5,3,0) -> Fayoum | J10: =VLOOKUP(E10,products!$A$1:$E$5,2,0) -> G4 | K10: =VLOOKUP(E10,products!$A$1:$E$5,3,0) -> Oley Vit | L10: =VLOOKUP(E10,products!$A$1:$E$5,4,0) -> Green Line | M10: =VLOOKUP(E10,products!$A$1:$E$5,5,0) -> Gr | N10: =F10*G10 -> -1950 | O10: =TEXT(D10,"mmm") -> نوفمبر | P10: =MONTH(D10) -> 11 | Q10: =DAY(D10) -> 5
A11: 302462 | B11: هبةالله عاطف | C11: بني سويف | D11: 45962 | E11: اولي فيت 65 | F11: 100 | G11: 65 | H11: =VLOOKUP(C11,regions!$A$1:$C$5,2,0) -> 2 | I11: =VLOOKUP(C11,regions!$A$1:$C$5,3,0) -> Beni Sweif | J11: =VLOOKUP(E11,products!$A$1:$E$5,2,0) -> G4 | K11: =VLOOKUP(E11,products!$A$1:$E$5,3,0) -> Oley Vit | L11: =VLOOKUP(E11,products!$A$1:$E$5,4,0) -> Green Line | M11: =VLOOKUP(E11,products!$A$1:$E$5,5,0) -> Gr | N11: =F11*G11 -> 6500 | O11: =TEXT(D11,"mmm") -> نوفمبر | P11: =MONTH(D11) -> 11 | Q11: =DAY(D11) -> 1
A12: 301111 | B12: صيدلية النور | C12: الفيوم | D12: 45966 | E12: اولي فيت 65 | F12: 22 | G12: 65 | H12: =VLOOKUP(C12,regions!$A$1:$C$5,2,0) -> 1 | I12: =VLOOKUP(C12,regions!$A$1:$C$5,3,0) -> Fayoum | J12: =VLOOKUP(E12,products!$A$1:$E$5,2,0) -> G4 | K12: =VLOOKUP(E12,products!$A$1:$E$5,3,0) -> Oley Vit | L12: =VLOOKUP(E12,products!$A$1:$E$5,4,0) -> Green Line | M12: =VLOOKUP(E12,products!$A$1:$E$5,5,0) -> Gr | N12: =F12*G12 -> 1430 | O12: =TEXT(D12,"mmm") -> نوفمبر | P12: =MONTH(D12) -> 11 | Q12: =DAY(D12) -> 5
A13: 302462 | B13: هبةالله عاطف | C13: بني سويف | D13: 45962 | E13: اولي فيت 65 | F13: 12 | G13: 65 | H13: =VLOOKUP(C13,regions!$A$1:$C$5,2,0) -> 2 | I13: =VLOOKUP(C13,regions!$A$1:$C$5,3,0) -> Beni Sweif | J13: =VLOOKUP(E13,products!$A$1:$E$5,2,0) -> G4 | K13: =VLOOKUP(E13,products!$A$1:$E$5,3,0) -> Oley Vit | L13: =VLOOKUP(E13,products!$A$1:$E$5,4,0) -> Green Line | M13: =VLOOKUP(E13,products!$A$1:$E$5,5,0) -> Gr | N13: =F13*G13 -> 780 | O13: =TEXT(D13,"mmm") -> نوفمبر | P13: =MONTH(D13) -> 11 | Q13: =DAY(D13) -> 1
... A30: 301444 | B30: صيدلية الزهراء | C30: مغاغة | D30: 45976 | E30: نيكساتيك 90 | F30: 100 | G30: 90 | H30: =VLOOKUP(C30,regions!$A$1:$C$5,2,0) -> 6 | I30: =VLOOKUP(C30,regions!$A$1:$C$5,3,0) -> Menia (North) | J30: =VLOOKUP(E30,products!$A$1:$E$5,2,0) -> W6 | K30: =VLOOKUP(E30,products!$A$1:$E$5,3,0) -> Nexatic Sachets | L30: =VLOOKUP(E30,products!$A$1:$E$5,4,0) -> White Line | M30: =VLOOKUP(E30,products!$A$1:$E$5,5,0) -> Wh | N30: =F30*G30 -> 9000 | O30: =TEXT(D30,"mmm") -> نوفمبر | P30: =MONTH(D30) -> 11 | Q30: =DAY(D30) -> 15

Sheet regions
A1: Center | B1: Region_id | C1: Region
A2: الفيوم | B2: 1 | C2: Fayoum
A3: بني سويف | B3: 2 | C3: Beni Sweif
A4: ملوي | B4: 5 | C4: Menia (South)
A5: مغاغة | B5: 6 | C5: Menia (North)

Sheet products
A1: Product Name | B1: product_id | C1: Product | D1: Line | E1: Line_id
A2: اولي فيت 65 | B2: G4 | C2: Oley Vit | D2: Green Line | E2: Gr
A3: رانجير لاين 165 | B3: R1 | C3: Rangier Line | D3: Red Line | E3: Re
A4: مارفى لاز 90ملم | B4: G10 | C4: Marvy Lase | D4: Blue Line | E4: Bl
A5: نيكساتيك 90 | B5: W6 | C5: Nexatic Sachets | D5: White Line | E5: Wh
